fecha,cota_mazar,caudal_mazar,caudal_mazar_n,caudal_coca_codo,caudal_coca_codo_n
2022-01-01,2151.97,49.92,24,131.0,24
2022-01-02,2151.65,45.74,24,121.0,24
2022-01-03,2151.06,44.96,24,119.54,24
2022-01-04,2150.16,36.43,24,112.67,24
2022-01-05,2149.23,33.32,24,115.21,24
2022-01-06,2148.32,33.05,24,179.92,24
2022-01-07,2147.36,27.12,24,155.33,24
2022-01-08,2146.51,23.71,24,120.5,24
2022-01-09,2145.45,21.92,24,103.42,24
2022-01-10,2144.28,21.67,24,116.04,24
2022-01-11,2143.55,26.97,24,106.92,24
2022-01-12,2143.13,26.81,24,159.04,24
2022-01-13,2142.38,21.31,24,129.83,24
2022-01-14,2141.56,44.87,24,145.46,24
2022-01-15,2140.98,35.28,24,210.71,24
2022-01-16,2140.91,42.59,24,191.96,24
2022-01-17,2140.48,32.09,24,139.46,24
2022-01-18,2139.81,24.31,24,149.21,24
2022-01-19,2139.38,26.92,24,250.71,24
2022-01-20,2138.93,36.45,24,424.67,24
2022-01-21,2138.66,36.68,24,242.38,24
2022-01-22,2138.43,38.25,24,194.08,24
2022-01-23,2138.08,33.75,24,151.62,24
2022-01-24,2137.4,25.1,24,135.04,24
2022-01-25,2137.33,27.41,24,132.38,24
2022-01-26,2137.42,44.87,24,241.21,24
2022-01-27,2137.25,41.52,24,208.67,24
2022-01-28,2137.02,39.19,24,163.92,24
2022-01-29,2137.13,50.83,24,134.58,24
2022-01-30,2136.78,34.62,24,125.96,24
2022-01-31,2136.4,29.29,24,160.21,24
2022-02-01,2136.12,31.37,24,219.12,24
2022-02-02,2135.75,28.06,24,212.96,24
2022-02-03,2135.32,22.34,24,163.75,24
2022-02-04,2134.7,25.48,24,132.0,24
2022-02-05,2134.18,28.3,24,123.62,24
2022-02-06,2134.11,36.21,24,180.08,24
2022-02-07,2133.76,29.47,24,198.58,24
2022-02-08,2133.37,31.61,24,284.5,24
2022-02-09,2132.94,35.68,24,228.96,24
2022-02-10,2132.09,26.21,24,162.96,24
2022-02-11,2131.58,32.42,24,147.21,24
2022-02-12,2131.74,62.42,24,225.46,24
2022-02-13,2131.94,70.31,24,233.71,24
2022-02-14,2131.52,51.04,24,185.5,24
2022-02-15,2131.31,50.76,24,167.83,24
2022-02-16,2130.64,35.33,24,151.42,24
2022-02-17,2129.82,30.03,24,137.67,24
2022-02-18,2129.18,33.32,24,125.67,24
2022-02-19,2128.42,29.53,24,127.5,24
2022-02-20,2127.78,26.46,24,112.33,24
2022-02-21,2127.08,23.01,24,125.25,24
2022-02-22,2126.04,18.49,24,277.33,24
2022-02-23,2125.58,21.72,24,145.29,24
2022-02-24,2125.52,40.99,24,138.46,24
2022-02-25,2125.73,51.22,24,185.25,24
2022-02-26,2126.54,65.55,24,347.67,24
2022-02-27,2126.87,78.95,24,296.71,24
2022-02-28,2126.96,71.67,24,373.08,24
2022-03-01,2128.12,104.53,24,297.96,24
2022-03-02,2130.32,168.33,24,321.67,24
2022-03-03,2131.86,149.4,24,388.42,24
2022-03-04,2132.65,120.19,24,287.75,24
2022-03-05,2133.25,107.33,24,206.58,24
2022-03-06,2134.47,120.98,24,179.96,24
2022-03-07,2134.47,97.55,24,173.38,24
2022-03-08,2134.06,75.22,24,147.29,24
2022-03-09,2133.4,51.17,24,132.33,24
2022-03-10,2132.24,39.85,24,127.46,24
2022-03-11,2130.92,33.91,24,129.0,24
2022-03-12,2130.01,35.22,24,125.96,24
2022-03-13,2129.56,39.12,24,144.58,24
2022-03-14,2130.21,102.65,24,270.46,24
2022-03-15,2129.91,63.6,24,200.12,24
2022-03-16,2128.82,44.63,24,166.54,24
2022-03-17,2129.92,167.77,24,178.21,24
2022-03-18,2129.85,101.87,24,150.58,24
2022-03-19,2129.37,76.15,24,183.17,24
2022-03-20,2130.48,96.49,24,218.46,24
2022-03-21,2131.12,100.53,24,203.21,24
2022-03-22,2131.2,76.32,24,183.75,24
2022-03-23,2130.69,61.37,24,156.58,24
2022-03-24,2129.9,53.85,24,219.42,24
2022-03-25,2129.92,76.22,24,240.71,24
2022-03-26,2128.93,48.43,24,290.79,24
2022-03-27,2129.88,100.89,24,411.46,24
2022-03-28,2130.2,100.09,24,441.46,24
2022-03-29,2129.86,89.12,24,296.79,24
2022-03-30,2129.93,121.56,24,303.29,24
2022-03-31,2129.86,95.67,24,287.58,24
2022-04-01,2131.19,131.96,24,226.33,24
2022-04-02,2131.36,124.97,24,463.0,24
2022-04-03,2130.93,79.87,24,306.0,24
2022-04-04,2130.96,63.07,24,222.79,24
2022-04-05,2130.83,54.02,24,231.83,24
2022-04-06,2130.76,56.84,24,260.17,24
2022-04-07,2130.77,64.54,24,230.83,24
2022-04-08,2127.93,57.28,24,230.33,24
2022-04-09,2131.53,228.56,24,284.25,24
2022-04-10,2132.99,132.61,24,324.42,24
2022-04-11,2133.04,63.77,24,263.21,24
2022-04-12,2132.86,49.39,24,393.58,24
2022-04-13,2130.11,56.02,24,543.17,24
2022-04-14,2130.28,65.74,24,360.38,24
2022-04-15,2131.13,91.66,24,344.92,24
2022-04-16,2131.28,71.87,24,286.75,24
2022-04-17,2131.24,54.18,24,307.96,24
2022-04-18,2131.61,79.58,24,330.75,24
2022-04-19,2133.85,215.65,24,617.46,24
2022-04-20,2136.46,189.03,24,398.88,24
2022-04-21,2141.09,399.27,24,409.29,24
2022-04-22,2143.18,179.41,24,296.96,24
2022-04-23,2144.59,129.34,24,266.62,24
2022-04-24,2145.76,127.28,24,257.25,24
2022-04-25,2145.91,92.71,24,238.12,24
2022-04-26,2145.4,69.34,24,222.0,24
2022-04-27,2145.15,60.13,24,200.46,24
2022-04-28,2145.24,66.96,24,197.0,24
2022-04-29,2146.32,139.18,24,277.67,24
2022-04-30,2147.33,204.08,24,598.54,24
2022-05-01,2148.6,138.47,24,385.29,24
2022-05-02,2148.9,74.63,24,228.29,24
2022-05-03,2148.28,57.75,24,195.46,24
2022-05-04,2148.22,65.09,24,244.58,24
2022-05-05,2148.62,87.8,24,519.46,24
2022-05-06,2149.13,105.0,24,457.75,24
2022-05-07,2149.88,89.38,24,284.62,24
2022-05-08,2150.51,83.08,24,319.04,24
2022-05-09,2150.5,62.95,24,245.54,24
2022-05-10,2150.77,85.35,24,253.17,24
2022-05-11,2150.99,103.62,24,310.54,24
2022-05-12,2151.32,89.42,24,411.58,24
2022-05-13,2152.18,126.47,24,336.33,24
2022-05-14,2152.99,122.45,24,705.92,24
2022-05-15,2153.68,161.38,24,541.96,24
2022-05-16,2153.64,139.91,24,718.83,24
2022-05-17,2154.15,208.71,24,684.08,24
2022-05-18,2154.0,337.68,24,584.67,24
2022-05-19,2153.63,166.34,24,532.08,24
2022-05-20,2153.28,118.28,24,399.5,24
2022-05-21,2153.33,86.44,24,326.75,24
2022-05-22,2153.44,76.74,24,270.17,24
2022-05-23,2153.45,80.57,24,240.17,24
2022-05-24,2153.55,89.58,24,236.67,24
2022-05-25,2153.64,92.75,24,382.33,24
2022-05-26,2153.75,108.6,24,685.92,24
2022-05-27,2153.57,105.54,24,644.88,24
2022-05-28,2153.62,94.93,24,431.62,24
2022-05-29,2153.56,84.63,24,342.12,24
2022-05-30,2153.37,61.19,24,281.67,24
2022-05-31,2153.3,58.05,24,265.88,24
2022-06-01,2153.19,49.07,24,226.75,24
2022-06-02,2152.68,48.38,24,220.25,24
2022-06-03,2152.33,53.59,24,295.08,24
2022-06-04,2152.73,78.14,24,327.21,24
2022-06-05,2152.77,57.04,24,314.33,24
2022-06-06,2152.77,48.95,24,249.79,24
2022-06-07,2152.49,45.93,24,212.04,24
2022-06-08,2152.58,82.88,24,195.54,24
2022-06-09,2152.8,76.62,24,286.83,24
2022-06-10,2152.94,72.91,24,453.92,24
2022-06-11,2153.16,86.07,24,526.75,24
2022-06-12,2153.29,90.78,24,485.62,24
2022-06-13,2153.44,73.09,24,329.17,24
2022-06-14,2153.15,53.51,24,256.75,24
2022-06-15,2152.74,42.67,24,222.12,24
2022-06-16,2152.1,41.37,24,211.21,24
2022-06-17,2151.33,36.25,24,193.0,24
2022-06-18,2150.88,37.26,24,190.58,24
2022-06-19,2151.08,47.7,24,240.08,24
2022-06-20,2150.4,45.84,24,337.75,24
2022-06-21,2149.88,41.35,24,254.5,24
2022-06-22,2149.84,71.87,24,224.17,24
2022-06-23,2150.43,122.41,24,465.33,24
2022-06-24,2152.56,280.23,24,948.67,24
2022-06-25,2155.02,518.83,24,1286.88,24
2022-06-26,2154.28,326.24,24,948.96,24
2022-06-27,2153.71,153.3,24,464.42,24
2022-06-28,2153.28,90.52,24,342.46,24
2022-06-29,2153.15,71.54,24,304.04,24
2022-06-30,2153.61,93.24,24,273.29,24
2022-07-01,2153.37,81.37,24,253.42,24
2022-07-02,2153.57,75.38,24,334.33,24
2022-07-03,2155.51,526.9,24,1064.21,24
2022-07-04,2155.49,933.15,24,1679.75,24
2022-07-05,2154.89,591.85,24,926.54,24
2022-07-06,2154.78,467.59,24,730.88,24
2022-07-07,2154.0,310.51,24,581.08,24
2022-07-08,2153.59,177.81,24,496.0,24
2022-07-09,2154.62,403.86,24,810.46,24
2022-07-10,2154.0,220.74,24,489.46,24
2022-07-11,2153.49,140.88,24,421.04,24
2022-07-12,2153.39,114.77,24,452.46,24
2022-07-13,2153.41,129.2,24,769.5,24
2022-07-14,2153.19,103.96,24,526.75,24
2022-07-15,2152.82,74.57,24,335.21,24
2022-07-16,2153.06,73.18,24,316.88,24
2022-07-17,2153.32,74.46,24,325.21,24
2022-07-18,2153.33,102.02,24,427.92,24
2022-07-19,2153.58,104.97,24,389.21,24
2022-07-20,2153.69,122.09,24,673.42,24
2022-07-21,2153.53,96.6,24,407.5,24
2022-07-22,2153.58,89.25,24,318.71,24
2022-07-23,2153.6,80.83,24,274.96,24
2022-07-24,2153.63,84.03,24,274.83,24
2022-07-25,2153.58,86.43,24,308.21,24
2022-07-26,2154.07,151.8,24,434.46,24
2022-07-27,2153.88,189.28,24,649.54,24
2022-07-28,2153.69,126.53,24,375.42,24
2022-07-29,2153.54,90.33,24,289.92,24
2022-07-30,2153.52,72.26,24,248.88,24
2022-07-31,2153.41,66.38,24,220.71,24
2022-08-01,2153.32,59.49,24,255.0,24
2022-08-02,2153.44,79.6,24,278.42,24
2022-08-03,2153.54,86.3,24,338.58,24
2022-08-04,2153.75,136.39,24,296.79,24
2022-08-05,2153.75,136.57,24,402.04,24
2022-08-06,2153.81,130.81,24,413.29,24
2022-08-07,2153.64,95.96,24,327.08,24
2022-08-08,2153.49,71.81,24,270.75,24
2022-08-09,2153.48,79.24,24,330.54,24
2022-08-10,2154.15,212.15,24,1151.58,24
2022-08-11,2154.55,433.65,24,1168.96,24
2022-08-12,2153.48,163.11,24,562.29,24
2022-08-13,2153.17,84.28,24,364.5,24
2022-08-14,2153.43,78.5,24,293.12,24
2022-08-15,2153.27,69.45,24,272.29,24
2022-08-16,2153.09,57.53,24,250.0,24
2022-08-17,2152.91,52.96,24,230.17,24
2022-08-18,2152.61,48.9,24,206.21,24
2022-08-19,2152.23,46.46,24,198.54,24
2022-08-20,2152.81,122.88,24,282.88,24
2022-08-21,2153.83,197.19,24,249.21,24
2022-08-22,2153.35,105.83,24,199.67,24
2022-08-23,2153.12,65.62,24,176.79,24
2022-08-24,2152.83,52.33,24,169.71,24
2022-08-25,2152.47,45.12,24,153.75,24
2022-08-26,2152.05,40.91,24,143.83,24
2022-08-27,2151.21,41.11,24,139.0,24
2022-08-28,2150.54,37.45,24,146.71,24
2022-08-29,2151.08,116.16,24,237.96,24
2022-08-30,2153.78,334.09,24,436.38,24
2022-08-31,2153.63,192.54,24,285.04,24
2022-09-01,2153.19,86.41,24,199.12,24
2022-09-02,2152.79,59.6,24,170.04,24
2022-09-03,2152.83,79.44,24,246.71,24
2022-09-04,2153.15,96.28,24,256.92,24
2022-09-05,2153.35,119.45,24,279.5,24
2022-09-06,2153.16,84.12,24,255.5,24
2022-09-07,2153.04,60.87,24,198.83,24
2022-09-08,2152.62,48.63,24,178.67,24
2022-09-09,2152.06,44.87,24,156.88,24
2022-09-10,2152.27,56.17,24,314.54,24
2022-09-11,2152.55,62.68,24,321.88,24
2022-09-12,2152.41,45.86,24,267.46,24
2022-09-13,2151.97,39.57,24,185.88,24
2022-09-14,2151.21,37.04,24,200.46,24
2022-09-15,2150.57,35.39,24,177.88,24
2022-09-16,2150.76,75.88,24,412.67,24
2022-09-17,2150.76,56.21,24,281.79,24
2022-09-18,2150.76,44.48,24,242.04,24
2022-09-19,2149.99,34.87,24,202.25,24
2022-09-20,2149.29,30.84,24,172.71,24
2022-09-21,2148.74,30.77,24,156.25,24
2022-09-22,2148.23,27.62,24,147.42,24
2022-09-23,2147.87,30.32,24,146.29,24
2022-09-24,2147.38,31.89,24,146.33,24
2022-09-25,2147.25,32.22,24,138.04,24
2022-09-26,2146.98,34.67,24,141.58,24
2022-09-27,2146.5,26.01,24,128.83,24
2022-09-28,2146.0,24.26,24,120.67,24
2022-09-29,2145.42,22.75,24,117.38,24
2022-09-30,2144.94,25.24,24,149.25,24
2022-10-01,2144.57,33.42,24,371.5,24
2022-10-02,2144.64,34.18,24,187.0,24
2022-10-03,2144.38,29.34,24,152.42,24
2022-10-04,2143.7,24.18,24,133.25,24
2022-10-05,2143.1,24.09,24,129.54,24
2022-10-06,2142.4,24.51,24,123.67,24
2022-10-07,2141.35,27.06,24,129.08,24
2022-10-08,2140.7,27.21,24,147.54,24
2022-10-09,2140.76,38.99,24,178.75,24
2022-10-10,2140.64,31.04,24,144.0,24
2022-10-11,2140.19,27.31,24,140.96,24
2022-10-12,2139.48,23.02,24,140.54,24
2022-10-13,2138.9,23.08,24,130.75,24
2022-10-14,2138.72,24.81,24,122.21,24
2022-10-15,2139.74,87.48,24,391.17,24
2022-10-16,2140.43,69.62,24,222.5,24
2022-10-17,2140.54,38.64,24,171.62,24
2022-10-18,2140.35,34.58,24,176.62,24
2022-10-19,2140.67,81.63,24,514.25,24
2022-10-20,2141.27,90.84,24,262.83,24
2022-10-21,2142.77,125.85,24,191.08,24
2022-10-22,2143.87,94.86,24,265.21,24
2022-10-23,2144.87,84.71,24,321.21,24
2022-10-24,2145.79,102.97,24,344.42,24
2022-10-25,2146.16,90.4,24,251.83,24
2022-10-26,2146.32,93.07,24,200.79,24
2022-10-27,2146.15,73.12,24,256.0,24
2022-10-28,2145.61,48.1,24,199.33,24
2022-10-29,2144.83,38.91,24,161.54,24
2022-10-30,2144.69,36.38,24,139.88,24
2022-10-31,2144.57,36.11,24,147.42,24
2022-11-01,2144.06,37.03,24,143.04,24
2022-11-02,2143.99,49.5,24,206.17,24
2022-11-03,2144.46,50.01,24,190.83,24
2022-11-04,2144.1,34.72,24,144.12,24
2022-11-05,2143.64,30.13,24,129.17,24
2022-11-06,2143.0,27.36,24,122.04,24
2022-11-07,2142.55,25.77,24,116.17,24
2022-11-08,2142.33,26.13,24,131.33,24
2022-11-09,2141.88,27.65,24,123.17,24
2022-11-10,2141.12,25.77,24,149.17,24
2022-11-11,2140.53,27.38,24,158.42,24
2022-11-12,2140.14,28.63,24,166.0,24
2022-11-13,2140.22,24.95,24,155.88,24
2022-11-14,2139.77,21.57,24,269.79,24
2022-11-15,2140.05,52.39,24,332.92,24
2022-11-16,2140.73,137.66,24,1037.17,24
2022-11-17,2142.17,120.79,24,458.75,24
2022-11-18,2141.62,45.06,24,256.38,24
2022-11-19,2141.27,36.69,24,197.58,24
2022-11-20,2141.03,32.25,24,174.38,24
2022-11-21,2141.08,48.51,24,180.08,24
2022-11-22,2140.98,51.5,24,176.96,24
2022-11-23,2140.47,35.37,24,152.0,24
2022-11-24,2139.59,25.47,24,131.0,24
2022-11-25,2139.22,32.24,24,142.88,24
2022-11-26,2139.36,46.12,24,141.21,24
2022-11-27,2139.2,36.4,24,122.0,24
2022-11-28,2138.46,28.51,24,118.0,24
2022-11-29,2137.39,21.28,24,118.08,24
2022-11-30,2136.39,20.03,24,114.17,24
2022-12-01,2135.48,23.13,24,110.71,24
2022-12-02,2134.56,18.73,24,128.0,24
2022-12-03,2133.83,21.78,24,155.12,24
2022-12-04,2133.6,24.65,24,128.12,24
2022-12-05,2132.88,16.94,24,149.29,24
2022-12-06,2132.03,14.29,24,123.54,24
2022-12-07,2131.39,16.79,24,138.38,24
2022-12-08,2130.9,16.83,24,124.62,24
2022-12-09,2130.16,18.26,24,123.21,24
2022-12-10,2129.63,13.59,24,130.75,24
2022-12-11,2130.27,65.47,24,140.54,24
2022-12-12,2129.93,35.9,24,141.08,24
2022-12-13,2128.85,18.28,24,120.67,24
2022-12-14,2128.07,22.74,24,803.62,24
2022-12-15,2128.06,37.19,24,479.21,24
2022-12-16,2128.05,33.2,24,299.04,24
2022-12-17,2127.94,28.71,24,218.75,24
2022-12-18,2128.04,33.69,24,175.5,24
2022-12-19,2127.72,34.03,24,154.12,24
2022-12-20,2127.01,20.02,24,132.67,24
2022-12-21,2126.1,11.25,24,122.33,24
2022-12-22,2124.48,11.74,24,113.79,24
2022-12-23,2123.57,25.45,24,109.17,24
2022-12-24,2123.11,25.67,24,106.38,24
2022-12-25,2122.29,16.7,24,104.12,24
2022-12-26,2122.64,39.41,24,165.12,24
2022-12-27,2122.52,26.42,24,135.17,24
2022-12-28,2121.91,19.61,24,111.83,24
2022-12-29,2121.34,16.09,24,104.21,24
2022-12-30,2120.11,10.36,24,103.71,24
2022-12-31,2120.26,38.36,24,106.0,24
2023-01-01,2120.85,32.96,24,151.71,24
2023-01-02,2121.35,36.63,24,180.62,24
2023-01-03,2121.36,27.89,24,148.71,24
2023-01-04,2121.05,22.7,24,121.75,24
2023-01-05,2120.77,21.85,24,189.88,24
2023-01-06,2120.33,17.37,24,142.54,24
2023-01-07,2120.04,20.96,24,128.17,24
2023-01-08,2120.17,23.02,24,108.38,24
2023-01-09,2119.82,28.89,24,114.25,24
2023-01-10,2119.64,33.48,24,121.83,24
2023-01-11,2120.39,66.91,24,323.92,24
2023-01-12,2121.55,80.88,24,248.67,24
2023-01-13,2122.91,77.8,24,184.38,24
2023-01-14,2122.78,47.69,24,146.71,24
2023-01-15,2123.84,75.26,24,139.88,24
2023-01-16,2124.71,83.74,24,124.17,24
2023-01-17,2125.15,47.8,24,117.58,24
2023-01-18,2125.47,54.4,24,141.0,24
2023-01-19,2125.67,53.17,24,142.58,24
2023-01-20,2126.97,78.47,24,207.71,24
2023-01-21,2128.23,83.0,24,160.96,24
2023-01-22,2128.82,53.65,24,143.0,24
2023-01-23,2128.96,40.72,24,154.21,24
2023-01-24,2129.37,54.04,24,669.38,24
2023-01-25,2129.94,67.92,24,340.17,24
2023-01-26,2130.19,37.88,24,196.75,24
2023-01-27,2130.12,29.92,24,151.58,24
2023-01-28,2130.0,26.22,24,135.21,24
2023-01-29,2129.87,23.79,24,123.33,24
2023-01-30,2129.09,19.76,24,116.5,24
2023-01-31,2127.85,22.2,24,110.0,24
2023-02-01,2127.53,29.04,24,146.62,24
2023-02-02,2127.06,26.93,24,117.21,24
2023-02-03,2126.34,18.51,24,108.71,24
2023-02-04,2125.74,17.42,24,101.21,24
2023-02-05,2125.53,21.59,24,99.58,24
2023-02-06,2125.93,42.18,24,252.71,24
2023-02-07,2126.33,45.8,24,269.88,24
2023-02-08,2126.39,41.03,24,186.92,24
2023-02-09,2126.37,41.91,24,195.29,24
2023-02-10,2126.22,29.66,24,231.71,24
2023-02-11,2125.9,31.95,24,270.79,24
2023-02-12,2125.91,36.5,24,253.67,24
2023-02-13,2125.7,33.73,24,285.54,24
2023-02-14,2125.63,37.02,24,273.71,24
2023-02-15,2125.6,37.06,24,313.21,24
2023-02-16,2125.86,39.79,24,327.0,24
2023-02-17,2125.87,27.1,24,245.5,24
2023-02-18,2126.37,31.0,24,217.46,24
2023-02-19,2127.07,43.78,24,196.75,24
2023-02-20,2127.54,30.23,24,164.38,24
2023-02-21,2127.23,39.75,24,158.79,24
2023-02-22,2128.14,57.95,24,351.5,24
2023-02-23,2129.0,55.36,24,314.62,24
2023-02-24,2129.49,44.17,24,223.33,24
2023-02-25,2129.34,32.38,24,169.83,24
2023-02-26,2129.27,27.55,24,146.12,24
2023-02-27,2128.98,23.84,24,152.79,24
2023-02-28,2129.16,53.62,24,255.17,24
2023-03-01,2129.75,57.89,24,241.04,24
2023-03-02,2130.14,53.05,24,260.54,24
2023-03-03,2130.02,42.61,24,607.38,24
2023-03-04,2130.24,84.77,24,1668.67,24
2023-03-05,2130.59,95.84,24,1166.88,24
2023-03-06,2130.89,70.23,24,736.62,24
2023-03-07,2130.88,66.03,24,506.12,24
2023-03-08,2131.72,113.57,24,408.75,24
2023-03-09,2132.98,118.67,24,350.67,24
2023-03-10,2133.87,107.64,24,321.92,24
2023-03-11,2134.96,87.42,24,491.42,24
2023-03-12,2135.83,76.89,24,441.42,24
2023-03-13,2135.85,58.2,24,404.92,24
2023-03-14,2136.34,85.92,24,425.46,24
2023-03-15,2137.02,104.04,24,370.08,24
2023-03-16,2136.86,66.76,24,291.08,24
2023-03-17,2136.43,51.82,24,256.08,24
2023-03-18,2135.65,41.71,24,275.5,24
2023-03-19,2134.91,34.42,24,211.0,24
2023-03-20,2133.55,29.49,24,184.92,24
2023-03-21,2132.11,25.09,24,185.29,24
2023-03-22,2130.63,22.04,24,199.29,24
2023-03-23,2129.08,20.11,24,174.25,24
2023-03-24,2128.35,38.52,24,182.67,24
2023-03-25,2128.29,71.4,24,198.29,24
2023-03-26,2128.52,72.9,24,196.54,24
2023-03-27,2128.71,47.16,24,314.17,24
2023-03-28,2128.57,67.41,24,239.21,24
2023-03-29,2128.31,76.15,24,202.79,24
2023-03-30,2128.09,54.39,24,278.92,24
2023-03-31,2128.63,59.09,24,476.88,24
2023-04-01,2128.9,65.14,24,578.29,24
2023-04-02,2129.64,77.04,24,398.96,24
2023-04-03,2130.29,78.41,24,362.58,24
2023-04-04,2129.77,59.83,24,311.96,24
2023-04-05,2129.48,64.51,24,232.46,24
2023-04-06,2130.13,76.35,24,206.62,24
2023-04-07,2130.62,74.18,24,203.96,24
2023-04-08,2131.34,99.99,24,260.88,24
2023-04-09,2131.84,126.36,24,279.08,24
2023-04-10,2131.87,72.29,24,214.62,24
2023-04-11,2132.48,100.05,24,185.42,24
2023-04-12,2133.15,112.53,24,178.83,24
2023-04-13,2133.35,74.97,24,173.21,24
2023-04-14,2133.31,59.1,24,159.67,24
2023-04-15,2133.87,56.93,24,159.0,24
2023-04-16,2131.78,76.44,24,146.71,24
2023-04-17,2132.19,91.43,24,166.5,24
2023-04-18,2132.19,61.43,24,175.5,24
2023-04-19,2129.11,60.34,24,193.0,24
2023-04-20,2129.57,82.9,24,324.0,24
2023-04-21,2129.66,66.8,24,222.12,24
2023-04-22,2130.13,94.12,24,192.33,24
2023-04-23,2130.89,111.72,24,229.33,24
2023-04-24,2131.33,94.44,24,217.58,24
2023-04-25,2132.19,120.44,24,195.58,24
2023-04-26,2133.13,124.93,24,259.79,24
2023-04-27,2134.87,187.17,24,227.04,24
2023-04-28,2136.69,198.51,24,213.54,24
2023-04-29,2138.12,171.91,24,382.96,24
2023-04-30,2138.76,133.32,24,310.67,24
2023-05-01,2139.15,92.57,24,721.58,24
2023-05-02,2139.65,85.4,24,376.79,24
2023-05-03,2140.43,92.2,24,684.29,24
2023-05-04,2140.38,80.1,24,435.5,24
2023-05-05,2140.6,84.7,24,370.33,24
2023-05-06,2139.74,56.64,24,340.38,24
2023-05-07,2138.8,49.21,24,302.88,24
2023-05-08,2138.02,46.17,24,192.0,24
2023-05-09,2137.95,80.25,24,407.96,24
2023-05-10,2139.0,116.84,24,411.21,24
2023-05-11,2139.24,81.36,24,288.79,24
2023-05-12,2139.39,72.41,24,304.21,24
2023-05-13,2139.48,84.59,24,277.88,24
2023-05-14,2140.74,143.83,24,699.04,24
2023-05-15,2140.72,79.41,24,381.38,24
2023-05-16,2140.34,60.78,24,627.75,24
2023-05-17,2140.35,48.26,24,314.5,24
2023-05-18,2139.94,38.69,24,266.75,24
2023-05-19,2139.75,50.84,24,273.04,24
2023-05-20,2139.99,86.55,24,288.25,24
2023-05-21,2140.23,105.83,24,283.46,24
2023-05-22,2139.8,50.34,24,248.08,24
2023-05-23,2141.11,193.66,24,375.29,24
2023-05-24,2141.31,98.2,24,268.62,24
2023-05-25,2141.12,72.01,24,362.25,24
2023-05-26,2141.56,95.84,24,238.04,24
2023-05-27,2141.46,76.25,24,206.42,24
2023-05-28,2142.12,84.74,24,522.83,24
2023-05-29,2141.98,63.23,24,335.38,24
2023-05-30,2141.85,49.72,24,254.79,24
2023-05-31,2142.68,110.05,24,484.29,24
2023-06-01,2143.24,103.62,24,493.83,24
2023-06-02,2143.45,92.67,24,579.88,24
2023-06-03,2143.56,69.08,24,420.42,24
2023-06-04,2143.95,56.33,24,307.88,24
2023-06-05,2144.07,71.87,24,475.54,24
2023-06-06,2144.77,120.61,24,583.33,24
2023-06-07,2146.17,155.78,24,593.42,24
2023-06-08,2147.36,129.87,24,485.96,24
2023-06-09,2148.18,102.77,24,412.71,24
2023-06-10,2148.78,89.9,24,333.75,24
2023-06-11,2149.48,83.36,24,296.54,24
2023-06-12,2149.46,62.22,24,271.58,24
2023-06-13,2149.17,55.18,24,229.21,24
2023-06-14,2149.13,105.39,24,256.92,24
2023-06-15,2150.94,201.24,24,377.92,24
2023-06-16,2153.0,238.04,24,673.0,24
2023-06-17,2153.67,181.89,24,509.08,24
2023-06-18,2153.68,121.49,24,404.96,24
2023-06-19,2153.47,81.62,24,301.42,24
2023-06-20,2153.11,60.09,24,242.33,24
2023-06-21,2152.76,48.59,24,230.33,24
2023-06-22,2152.27,45.72,24,223.83,24
2023-06-23,2151.83,48.84,24,300.92,24
2023-06-24,2152.39,115.16,24,273.5,24
2023-06-25,2153.17,93.99,24,575.0,24
2023-06-26,2153.15,111.82,24,1011.75,24
2023-06-27,2153.01,72.68,24,573.08,24
2023-06-28,2152.78,53.12,24,364.33,24
2023-06-29,2153.35,137.22,24,472.5,24
2023-06-30,2153.82,207.98,24,454.79,24
2023-07-01,2153.79,145.06,24,369.71,24
2023-07-02,2153.52,91.32,24,287.75,24
2023-07-03,2153.38,64.61,24,249.96,24
2023-07-04,2152.87,51.68,24,237.46,24
2023-07-05,2152.26,45.92,24,214.83,24
2023-07-06,2151.88,42.93,24,215.42,24
2023-07-07,2152.11,53.76,24,287.5,24
2023-07-08,2153.23,131.34,24,607.17,24
2023-07-09,2153.64,102.28,24,741.58,24
2023-07-10,2153.31,95.1,24,560.04,24
2023-07-11,2153.12,82.92,24,492.04,24
2023-07-12,2153.07,83.98,24,399.46,24
2023-07-13,2152.71,55.1,24,318.92,24
2023-07-14,2152.18,49.9,24,307.17,24
2023-07-15,2152.02,69.69,24,618.25,24
2023-07-16,2152.58,77.3,24,414.88,24
2023-07-17,2153.0,80.03,24,738.33,24
2023-07-18,2153.75,226.7,24,938.21,24
2023-07-19,2153.36,120.61,24,463.5,24
2023-07-20,2153.66,213.04,24,505.46,24
2023-07-21,2153.89,252.18,24,750.08,24
2023-07-22,2153.45,161.66,24,559.5,24
2023-07-23,2153.23,89.94,24,424.5,24
2023-07-24,2153.19,92.98,24,347.58,24
2023-07-25,2153.01,76.25,24,303.83,24
2023-07-26,2152.81,59.57,24,270.96,24
2023-07-27,2152.77,60.19,24,257.0,24
2023-07-28,2153.0,68.5,24,328.04,24
2023-07-29,2153.54,165.19,24,522.08,24
2023-07-30,2153.85,186.75,24,594.0,24
2023-07-31,2153.3,99.07,24,351.79,24
2023-08-01,2153.12,65.8,24,353.29,24
2023-08-02,2153.21,99.27,24,411.83,24
2023-08-03,2153.1,74.9,24,295.46,24
2023-08-04,2152.59,53.41,24,253.75,24
2023-08-05,2152.42,62.26,24,255.62,24
2023-08-06,2152.68,61.33,24,242.42,24
2023-08-07,2152.39,49.14,24,234.46,24
2023-08-08,2152.14,45.42,24,293.83,24
2023-08-09,2152.95,100.13,24,543.5,24
2023-08-10,2153.17,70.35,24,343.62,24
2023-08-11,2153.1,51.53,24,375.08,24
2023-08-12,2153.15,49.22,24,325.62,24
2023-08-13,2153.19,53.68,24,359.08,24
2023-08-14,2153.17,71.43,24,334.62,24
2023-08-15,2153.71,196.67,24,1036.08,24
2023-08-16,2153.2,112.29,24,550.67,24
2023-08-17,2152.56,56.88,24,363.92,24
2023-08-18,2151.81,46.83,24,281.08,24
2023-08-19,2151.67,40.42,24,238.92,24
2023-08-20,2151.92,40.12,24,278.79,24
2023-08-21,2153.1,129.69,24,431.71,24
2023-08-22,2153.31,150.03,24,818.0,24
2023-08-23,2153.1,111.31,24,503.88,24
2023-08-24,2152.59,63.5,24,305.5,24
2023-08-25,2151.95,51.36,24,255.21,24
2023-08-26,2151.57,44.29,24,232.67,24
2023-08-27,2151.35,39.13,24,210.67,24
2023-08-28,2151.69,54.49,24,207.58,24
2023-08-29,2151.52,43.47,24,206.54,24
2023-08-30,2151.03,37.83,24,183.79,24
2023-08-31,2150.84,34.7,24,169.0,24
2023-09-01,2150.49,31.83,24,160.38,24
2023-09-02,2149.82,31.21,24,262.33,24
2023-09-03,2149.02,27.96,24,172.62,24
2023-09-04,2149.04,29.75,24,219.42,24
2023-09-05,2149.45,45.49,24,440.33,24
2023-09-06,2149.62,46.77,24,236.25,24
2023-09-07,2149.33,31.23,24,170.0,24
2023-09-08,2148.83,25.37,24,153.04,24
2023-09-09,2148.63,23.72,24,189.5,24
2023-09-10,2148.68,26.96,24,303.29,24
2023-09-11,2148.59,23.89,24,325.29,24
2023-09-12,2148.49,23.65,24,217.33,24
2023-09-13,2147.85,18.98,24,170.38,24
2023-09-14,2147.29,23.85,24,245.75,24
2023-09-15,2148.15,90.67,24,402.5,24
2023-09-16,2148.53,55.8,24,299.29,24
2023-09-17,2148.58,29.85,24,190.42,24
2023-09-18,2148.04,21.82,24,180.88,24
2023-09-19,2147.73,25.01,24,256.67,24
2023-09-20,2147.4,25.24,24,224.5,24
2023-09-21,2146.85,19.85,24,169.75,24
2023-09-22,2146.16,18.34,24,149.29,24
2023-09-23,2144.98,19.31,24,143.12,24
2023-09-24,2144.39,17.54,24,155.29,24
2023-09-25,2143.84,22.03,24,162.38,24
2023-09-26,2143.19,18.7,24,188.62,24
2023-09-27,2142.39,18.79,24,170.17,24
2023-09-28,2140.99,15.2,24,153.42,24
2023-09-29,2139.88,21.56,24,149.21,24
2023-09-30,2139.29,20.52,24,188.17,24
2023-10-01,2139.08,27.89,24,193.25,24
2023-10-02,2138.14,18.62,24,154.75,24
2023-10-03,2137.0,16.24,24,140.21,24
2023-10-04,2135.6,14.79,24,139.67,24
2023-10-05,2134.0,9.7,24,137.0,24
2023-10-06,2132.85,15.24,24,127.33,24
2023-10-07,2131.43,7.67,24,126.0,24
2023-10-08,2130.42,16.54,24,135.04,24
2023-10-09,2128.97,11.52,24,153.25,24
2023-10-10,2128.51,28.13,24,150.96,24
2023-10-11,2127.86,38.56,24,152.04,24
2023-10-12,2126.66,17.43,24,138.62,24
2023-10-13,2125.19,8.99,24,127.42,24
2023-10-14,2125.07,29.58,24,217.04,24
2023-10-15,2124.93,34.52,24,174.42,24
2023-10-16,2124.28,20.1,24,158.38,24
2023-10-17,2123.7,25.52,24,145.42,24
2023-10-18,2122.86,13.68,24,144.21,24
2023-10-19,2122.05,22.88,24,167.92,24
2023-10-20,2121.99,39.79,24,184.08,24
2023-10-21,2122.03,31.48,24,149.75,24
2023-10-22,2121.59,25.1,24,137.58,24
2023-10-23,2120.93,20.72,24,184.5,24
2023-10-24,2119.78,15.58,24,163.04,24
2023-10-25,2118.2,8.87,24,142.62,24
2023-10-26,2116.72,15.56,24,145.62,24
2023-10-27,2116.34,13.19,24,158.71,24
2023-10-28,2116.5,21.86,24,140.96,24
2023-10-29,2116.37,16.45,24,125.83,24
2023-10-30,2115.78,14.93,24,141.0,24
2023-10-31,2115.84,29.32,24,163.88,24
2023-11-01,2115.61,21.39,24,147.79,24
2023-11-02,2115.37,17.13,24,157.92,24
2023-11-03,2115.72,17.41,24,134.62,24
2023-11-04,2115.98,16.96,24,213.92,24
2023-11-05,2116.33,18.72,24,174.33,24
2023-11-06,2116.75,34.88,24,161.83,24
2023-11-07,2117.1,28.62,24,175.79,24
2023-11-08,2116.53,17.47,24,160.33,24
2023-11-09,2116.53,23.21,24,204.67,24
2023-11-10,2117.63,80.75,24,299.75,24
2023-11-11,2118.66,56.96,24,295.04,24
2023-11-12,2119.11,36.08,24,223.75,24
2023-11-13,2119.74,34.19,24,228.08,24
2023-11-14,2120.29,30.3,24,190.33,24
2023-11-15,2121.21,50.14,24,256.42,24
2023-11-16,2122.16,55.71,24,263.75,24
2023-11-17,2122.42,30.17,24,191.54,24
2023-11-18,2122.34,23.78,24,160.08,24
2023-11-19,2122.2,23.73,24,153.12,24
2023-11-20,2121.87,21.84,24,155.67,24
2023-11-21,2121.74,20.36,24,195.29,24
2023-11-22,2120.97,15.54,24,196.08,24
2023-11-23,2120.75,29.98,24,220.21,24
2023-11-24,2121.48,55.03,24,416.38,24
2023-11-25,2121.89,41.44,24,245.12,24
2023-11-26,2122.28,44.85,24,223.38,24
2023-11-27,2122.35,26.4,24,290.54,24
2023-11-28,2123.1,44.3,24,569.33,24
2023-11-29,2123.71,47.88,24,531.71,24
2023-11-30,2124.3,35.14,24,314.04,24
2023-12-01,2124.33,29.99,24,292.71,24
2023-12-02,2124.26,28.63,24,225.08,24
2023-12-03,2124.25,21.85,24,197.46,24
2023-12-04,2123.35,15.49,24,178.33,24
2023-12-05,2123.28,22.13,24,226.71,24
2023-12-06,2123.12,25.87,24,189.21,24
2023-12-07,2123.03,19.7,24,165.5,24
2023-12-08,2123.03,20.0,24,157.67,24
2023-12-09,2123.27,28.79,24,220.75,24
2023-12-10,2123.84,33.3,24,533.25,24
2023-12-11,2123.95,26.04,24,315.17,24
2023-12-12,2123.99,25.7,24,273.25,24
2023-12-13,2124.08,24.55,24,296.33,24
2023-12-14,2124.18,20.61,24,253.04,24
2023-12-15,2124.26,27.3,24,253.67,24
2023-12-16,2124.91,57.13,24,318.0,24
2023-12-17,2126.01,64.4,24,459.88,24
2023-12-18,2127.58,99.71,24,287.54,24
2023-12-19,2128.39,52.57,24,239.04,24
2023-12-20,2129.21,53.62,24,217.21,24
2023-12-21,2129.97,50.76,24,207.96,24
2023-12-22,2130.19,34.09,24,217.25,24
2023-12-23,2130.75,38.18,24,461.33,24
2023-12-24,2131.3,36.97,24,317.46,24
2023-12-25,2131.71,28.93,24,266.29,24
2023-12-26,2132.26,37.32,24,249.46,24
2023-12-27,2134.08,121.96,24,238.96,24
2023-12-28,2136.23,157.22,24,268.58,24
2023-12-29,2138.78,198.71,24,615.42,24
2023-12-30,2140.45,135.1,24,263.92,24
2023-12-31,2141.96,122.46,24,229.0,24
2024-01-01,2143.26,107.58,24,213.38,24
2024-01-02,2144.34,98.47,24,191.96,24
2024-01-03,2145.15,89.77,24,196.46,24
2024-01-04,2145.77,79.83,24,198.42,24
2024-01-05,2146.39,82.73,24,192.5,24
2024-01-06,2145.77,57.44,24,180.0,24
2024-01-07,2144.87,39.88,24,165.92,24
2024-01-08,2144.36,35.25,24,146.54,24
2024-01-09,2143.81,33.42,24,142.71,24
2024-01-10,2143.49,30.81,24,136.21,24
2024-01-11,2142.93,28.7,24,127.83,24
2024-01-12,2142.27,30.2,24,122.0,24
2024-01-13,2142.03,34.03,24,119.17,24
2024-01-14,2142.77,66.69,24,117.04,24
2024-01-15,2143.0,48.19,24,164.67,24
2024-01-16,2143.52,62.12,24,194.38,24
2024-01-17,2144.5,147.41,24,362.62,24
2024-01-18,2145.0,124.0,24,549.42,24
2024-01-19,2144.94,82.78,24,327.12,24
2024-01-20,2145.6,131.97,24,511.5,24
2024-01-21,2146.28,123.05,24,1186.29,24
2024-01-22,2146.2,83.0,24,614.75,24
2024-01-23,2145.69,51.97,24,338.46,24
2024-01-24,2144.88,45.68,24,249.33,24
2024-01-25,2144.02,34.74,24,216.79,24
2024-01-26,2142.84,30.88,24,192.71,24
2024-01-27,2141.65,25.71,24,173.5,24
2024-01-28,2140.37,23.68,24,163.54,24
2024-01-29,2139.35,25.22,24,154.92,24
2024-01-30,2138.18,22.51,24,146.33,24
2024-01-31,2136.91,19.53,24,140.67,24
2024-02-01,2135.59,22.79,24,135.21,24
2024-02-02,2134.62,24.17,24,163.75,24
2024-02-03,2133.55,29.99,24,152.29,24
2024-02-04,2133.95,58.06,24,224.96,24
2024-02-05,2134.44,82.09,24,345.38,24
2024-02-06,2134.63,98.34,24,279.96,24
2024-02-07,2134.19,44.36,24,200.75,24
2024-02-08,2134.11,52.47,24,198.79,24
2024-02-09,2133.78,37.5,24,225.38,24
2024-02-10,2134.01,63.66,24,386.92,24
2024-02-11,2133.9,50.87,24,328.62,24
2024-02-12,2133.31,34.17,24,309.58,24
2024-02-13,2133.05,37.29,24,353.96,24
2024-02-14,2132.58,48.44,24,326.33,24
2024-02-15,2132.95,97.04,24,468.58,24
2024-02-16,2132.71,65.81,24,452.0,24
2024-02-17,2133.83,116.45,24,882.83,24
2024-02-18,2134.58,80.93,24,472.08,24
2024-02-19,2134.26,40.35,24,292.08,24
2024-02-20,2133.79,46.22,24,234.79,24
2024-02-21,2133.35,51.41,24,216.54,24
2024-02-22,2132.58,37.04,24,199.25,24
2024-02-23,2131.65,30.09,24,183.42,24
2024-02-24,2131.14,28.7,24,269.12,24
2024-02-25,2130.65,25.8,24,244.83,24
2024-02-26,2129.89,28.52,24,197.25,24
2024-02-27,2129.15,26.55,24,193.75,24
2024-02-28,2127.87,18.86,24,174.62,24
2024-02-29,2126.9,19.15,24,330.79,24
2024-03-01,2127.49,80.25,24,219.92,24
2024-03-02,2128.57,72.93,24,207.83,24
2024-03-03,2129.42,56.71,24,196.96,24
2024-03-04,2129.27,42.61,24,182.5,24
2024-03-05,2129.69,47.49,24,201.38,24
2024-03-06,2129.2,32.9,24,219.79,24
2024-03-07,2128.68,35.27,24,436.08,24
2024-03-08,2128.57,52.82,24,768.92,24
2024-03-09,2129.06,60.7,24,560.92,24
2024-03-10,2129.48,45.84,24,402.79,24
2024-03-11,2129.62,43.69,24,298.71,24
2024-03-12,2129.35,36.84,24,316.83,24
2024-03-13,2128.41,54.23,24,532.12,24
2024-03-14,2129.04,100.66,24,578.58,24
2024-03-15,2129.18,72.06,24,527.04,24
2024-03-16,2129.24,42.67,24,499.0,24
2024-03-17,2129.24,32.44,24,344.04,24
2024-03-18,2128.97,28.19,24,262.67,24
2024-03-19,2128.68,28.52,24,401.46,24
2024-03-20,2128.11,26.19,24,283.92,24
2024-03-21,2127.5,22.41,24,233.71,24
2024-03-22,2127.28,47.87,24,280.42,24
2024-03-23,2124.68,48.16,24,228.62,24
2024-03-24,2124.99,43.48,24,205.71,24
2024-03-25,2124.49,29.51,24,218.96,24
2024-03-26,2123.87,23.09,24,236.46,24
2024-03-27,2120.11,22.44,24,250.38,24
2024-03-28,2119.38,17.61,24,214.29,24
2024-03-29,2118.53,17.38,24,225.12,24
2024-03-30,2117.91,18.52,24,207.54,24
2024-03-31,2117.52,17.76,24,181.33,24
2024-04-01,2116.73,17.45,24,352.96,24
2024-04-02,2116.38,44.38,24,329.33,24
2024-04-03,2116.7,52.65,24,248.08,24
2024-04-04,2116.54,56.8,24,250.62,24
2024-04-05,2116.31,37.53,24,371.12,24
2024-04-06,2116.4,40.21,24,342.62,24
2024-04-07,2116.23,31.72,24,280.62,24
2024-04-08,2115.83,25.89,24,335.04,24
2024-04-09,2115.46,28.46,24,427.21,24
2024-04-10,2115.37,34.2,24,291.67,24
2024-04-11,2114.5,21.01,24,214.12,24
2024-04-12,2112.89,13.65,24,190.21,24
2024-04-13,2111.3,12.6,24,188.83,24
2024-04-14,2109.86,15.61,24,173.79,24
2024-04-15,2108.97,16.66,24,161.71,24
2024-04-16,2107.88,30.64,24,148.21,24
2024-04-17,2106.66,37.13,24,147.67,24
2024-04-18,2107.86,52.11,24,148.54,24
2024-04-19,2108.87,99.97,24,685.08,24
2024-04-20,2110.1,56.84,24,283.54,24
2024-04-21,2110.88,52.22,24,334.88,24
2024-04-22,2112.12,92.74,24,639.96,24
2024-04-23,2112.97,64.51,24,313.25,24
2024-04-24,2113.42,64.17,24,336.21,24
2024-04-25,2114.27,55.54,24,358.21,24
2024-04-26,2114.79,48.68,24,268.12,24
2024-04-27,2115.06,45.25,24,583.38,24
2024-04-28,2117.19,108.84,24,322.0,24
2024-04-29,2117.77,69.53,24,466.29,24
2024-04-30,2118.38,60.09,24,418.75,24
2024-05-01,2119.06,51.04,24,276.71,24
2024-05-02,2119.48,42.69,24,242.75,24
2024-05-03,2119.68,40.95,24,226.0,24
2024-05-04,2120.73,94.24,24,197.42,24
2024-05-05,2122.13,147.42,24,913.67,24
2024-05-06,2123.34,100.45,24,414.92,24
2024-05-07,2124.83,87.55,24,307.21,24
2024-05-08,2125.83,106.12,24,873.33,24
2024-05-09,2127.28,91.87,24,509.21,24
2024-05-10,2127.64,62.32,24,318.79,24
2024-05-11,2128.04,55.29,24,261.5,24
2024-05-12,2128.26,50.87,24,230.54,24
2024-05-13,2127.98,46.73,24,250.88,24
2024-05-14,2128.15,52.4,24,212.17,24
2024-05-15,2128.19,55.96,24,222.92,24
2024-05-16,2128.16,55.78,24,226.83,24
2024-05-17,2128.44,61.48,24,206.38,24
2024-05-18,2128.63,59.2,24,180.29,24
2024-05-19,2129.67,85.37,24,324.62,24
2024-05-20,2131.99,160.66,24,393.0,24
2024-05-21,2133.15,124.71,24,743.83,24
2024-05-22,2134.4,98.78,24,510.88,24
2024-05-23,2135.64,112.84,24,649.58,24
2024-05-24,2135.48,61.65,24,452.92,24
2024-05-25,2136.04,95.12,24,572.5,24
2024-05-26,2136.85,63.58,24,486.12,24
2024-05-27,2137.03,49.6,24,293.21,24
2024-05-28,2138.67,140.32,24,434.5,24
2024-05-29,2139.91,100.71,24,605.62,24
2024-05-30,2140.68,62.9,24,527.0,24
2024-05-31,2140.8,48.21,24,389.04,24
2024-06-01,2140.48,43.74,24,337.17,24
2024-06-02,2140.36,36.73,24,256.79,24
2024-06-03,2139.42,29.56,24,222.0,24
2024-06-04,2139.08,32.05,24,352.83,24
2024-06-05,2139.64,94.45,24,440.83,24
2024-06-06,2141.14,134.6,24,778.67,24
2024-06-07,2143.06,163.24,24,648.12,24
2024-06-08,2144.71,145.59,24,546.0,24
2024-06-09,2145.7,102.79,24,503.62,24
2024-06-10,2146.38,89.4,24,442.58,24
2024-06-11,2147.39,125.22,24,630.04,24
2024-06-12,2148.31,127.73,24,451.88,24
2024-06-13,2148.96,124.28,24,467.17,24
2024-06-14,2149.6,77.29,24,342.92,24
2024-06-15,2149.8,91.21,24,628.83,24
2024-06-16,2152.55,332.34,24,1799.42,24
2024-06-17,2152.84,139.12,24,775.25,24
2024-06-18,2152.88,86.27,24,430.71,24
2024-06-19,2152.61,67.81,24,361.21,24
2024-06-20,2152.81,63.02,24,323.21,24
2024-06-21,2153.17,141.02,24,1459.75,24
2024-06-22,2152.87,99.43,24,705.21,24
2024-06-23,2152.63,67.08,24,399.38,24
2024-06-24,2152.35,55.14,24,315.42,24
2024-06-25,2152.03,46.09,24,468.62,24
2024-06-26,2151.68,44.13,24,342.17,24
2024-06-27,2151.64,40.71,24,310.08,24
2024-06-28,2151.31,37.6,24,254.0,24
2024-06-29,2150.97,34.52,24,231.88,24
2024-06-30,2151.03,37.5,24,271.42,24
2024-07-01,2150.58,40.05,24,248.29,24
2024-07-02,2150.46,70.26,24,1072.38,24
2024-07-03,2150.15,76.92,24,1058.83,24
2024-07-04,2150.09,43.02,24,451.88,24
2024-07-05,2149.69,33.68,24,426.5,24
2024-07-06,2149.08,45.4,24,928.0,24
2024-07-07,2149.47,89.19,24,810.42,24
2024-07-08,2149.6,66.21,24,424.46,24
2024-07-09,2149.58,41.03,24,335.17,24
2024-07-10,2149.88,63.05,24,319.54,24
2024-07-11,2150.03,47.94,24,303.0,24
2024-07-12,2150.08,35.12,24,275.75,24
2024-07-13,2151.46,199.58,24,824.33,24
2024-07-14,2152.24,102.97,24,415.21,24
2024-07-15,2152.11,71.64,24,316.5,24
2024-07-16,2152.33,49.45,24,273.21,24
2024-07-17,2152.34,37.55,24,234.25,24
2024-07-18,2152.33,32.81,24,286.75,24
2024-07-19,2152.35,34.04,24,296.0,24
2024-07-20,2152.24,31.51,24,293.96,24
2024-07-21,2152.18,34.96,24,276.0,24
2024-07-22,2152.15,38.13,24,266.0,24
2024-07-23,2152.16,57.04,24,230.17,24
2024-07-24,2151.81,43.43,24,194.25,24
2024-07-25,2152.06,55.5,24,190.21,24
2024-07-26,2152.32,59.4,24,235.04,24
2024-07-27,2152.41,35.02,24,226.83,24
2024-07-28,2152.42,28.74,24,182.62,24
2024-07-29,2152.31,28.48,24,178.71,24
2024-07-30,2152.24,40.86,24,180.38,24
2024-07-31,2152.22,43.92,24,200.04,24
2024-08-01,2151.96,31.26,24,174.92,24
2024-08-02,2151.63,31.36,24,161.38,24
2024-08-03,2151.31,24.87,24,144.33,24
2024-08-04,2151.33,25.18,24,159.0,24
2024-08-05,2150.77,22.82,24,175.33,24
2024-08-06,2150.46,35.33,24,277.54,24
2024-08-07,2150.23,34.98,24,205.29,24
2024-08-08,2149.7,22.11,24,174.54,24
2024-08-09,2149.7,22.37,24,216.88,24
2024-08-10,2149.5,21.58,24,262.12,24
2024-08-11,2149.66,22.52,24,191.33,24
2024-08-12,2149.51,22.61,24,193.25,24
2024-08-13,2149.33,22.88,24,278.92,24
2024-08-14,2148.7,18.63,24,185.08,24
2024-08-15,2148.06,15.46,24,169.54,24
2024-08-16,2147.55,17.63,24,335.75,24
2024-08-17,2147.66,19.32,24,286.38,24
2024-08-18,2147.6,19.1,24,176.62,24
2024-08-19,2146.69,14.95,24,159.25,24
2024-08-20,2145.9,13.33,24,149.12,24
2024-08-21,2145.12,15.87,24,147.46,24
2024-08-22,2144.08,12.0,24,135.29,24
2024-08-23,2142.83,12.02,24,133.0,24
2024-08-24,2141.44,13.32,24,176.58,24
2024-08-25,2141.09,17.62,24,256.25,24
2024-08-26,2142.05,105.69,24,237.54,24
2024-08-27,2142.0,37.84,24,185.62,24
2024-08-28,2141.55,22.29,24,161.75,24
2024-08-29,2140.82,18.91,24,155.12,24
2024-08-30,2140.24,16.64,24,129.88,24
2024-08-31,2139.28,12.83,24,119.54,24
2024-09-01,2138.83,15.37,24,115.25,24
2024-09-02,2137.81,15.68,24,123.83,24
2024-09-03,2136.69,13.19,24,120.96,24
2024-09-04,2135.52,11.6,24,109.33,24
2024-09-05,2134.0,9.27,24,141.54,24
2024-09-06,2133.03,23.78,24,162.67,24
2024-09-07,2132.5,20.53,24,143.83,24
2024-09-08,2131.71,16.41,24,129.42,24
2024-09-09,2130.9,40.69,24,255.38,24
2024-09-10,2130.82,40.74,24,233.67,24
2024-09-11,2129.64,17.87,24,133.79,24
2024-09-12,2127.87,8.46,24,114.71,24
2024-09-13,2126.07,7.32,24,108.21,24
2024-09-14,2124.78,12.66,24,104.62,24
2024-09-15,2123.67,14.53,24,98.67,24
2024-09-16,2122.27,14.84,24,142.5,24
2024-09-17,2121.6,20.94,24,143.29,24
2024-09-18,2120.32,18.86,24,114.04,24
2024-09-19,2119.42,19.88,24,121.88,24
2024-09-20,2117.95,14.26,24,122.46,24
2024-09-21,2116.46,11.99,24,141.54,24
2024-09-22,2117.11,45.32,24,301.29,24
2024-09-23,2117.63,31.12,24,213.08,24
2024-09-24,2117.6,19.14,24,144.88,24
2024-09-25,2116.78,13.23,24,129.46,24
2024-09-26,2116.92,16.38,24,120.33,24
2024-09-27,2116.85,13.41,24,115.5,24
2024-09-28,2117.14,15.45,24,115.38,24
2024-09-29,2117.58,20.95,24,145.04,24
2024-09-30,2118.3,43.08,24,200.17,24
2024-10-01,2118.97,35.72,24,199.62,24
2024-10-02,2119.42,25.09,24,160.88,24
2024-10-03,2119.9,26.36,24,167.88,24
2024-10-04,2118.8,15.2,24,129.79,24
2024-10-05,2117.8,14.85,24,121.46,24
2024-10-06,2116.74,12.62,24,113.83,24
2024-10-07,2115.13,9.84,24,105.75,24
2024-10-08,2113.11,3.2,24,106.12,24
2024-10-09,2112.73,13.23,24,117.33,24
2024-10-10,2112.6,16.15,24,144.92,24
2024-10-11,2113.12,26.64,24,163.67,24
2024-10-12,2113.68,27.4,24,143.88,24
2024-10-13,2114.31,30.52,24,254.5,24
2024-10-14,2115.24,47.68,24,200.08,24
2024-10-15,2116.33,78.04,24,149.17,24
2024-10-16,2116.67,40.07,24,129.29,24
2024-10-17,2116.65,21.18,24,121.21,24
2024-10-18,2116.44,16.28,24,115.17,24
2024-10-19,2116.07,13.4,24,105.88,24
2024-10-20,2115.25,11.1,24,106.08,24
2024-10-21,2114.39,10.9,24,103.71,24
2024-10-22,2113.35,6.79,24,95.58,24
2024-10-23,2112.6,10.69,24,98.42,24
2024-10-24,2111.57,8.57,24,94.62,24
2024-10-25,2111.28,11.4,24,100.46,24
2024-10-26,2111.62,15.75,24,106.12,24
2024-10-27,2111.93,14.55,24,110.67,24
2024-10-28,2112.79,37.69,24,649.71,24
2024-10-29,2113.65,42.69,24,313.67,24
2024-10-30,2114.44,38.97,24,200.92,24
2024-10-31,2115.04,30.08,24,161.92,24
2024-11-01,2115.23,19.9,24,190.42,24
2024-11-02,2115.42,23.18,24,272.92,24
2024-11-03,2115.93,25.8,24,151.67,24
2024-11-04,2115.99,19.59,24,125.5,24
2024-11-05,2115.51,15.95,24,115.38,24
2024-11-06,2114.24,13.65,24,103.58,24
2024-11-07,2112.89,5.75,24,98.67,24
2024-11-08,2111.46,4.8,24,91.62,24
2024-11-09,2111.01,7.93,24,88.5,24
2024-11-10,2111.28,12.39,24,85.46,24
2024-11-11,2111.55,12.02,24,84.62,24
2024-11-12,2111.56,9.72,24,87.12,24
2024-11-13,2111.28,8.23,24,84.54,24
2024-11-14,2110.82,6.73,24,96.33,24
2024-11-15,2110.31,6.76,24,93.17,24
2024-11-16,2110.55,10.71,24,144.79,24
2024-11-17,2110.81,11.71,24,119.33,24
2024-11-18,2111.04,10.42,24,120.12,24
2024-11-19,2111.05,9.61,24,115.54,24
2024-11-20,2111.07,9.8,24,105.58,24
2024-11-21,2110.8,7.55,24,105.42,24
2024-11-22,2111.03,10.11,24,163.08,24
2024-11-23,2111.33,13.89,24,134.75,24
2024-11-24,2111.68,15.92,24,116.04,24
2024-11-25,2111.61,10.44,24,104.79,24
2024-11-26,2111.34,10.17,24,97.42,24
2024-11-27,2111.39,24.37,24,105.12,24
2024-11-28,2111.55,26.76,24,115.96,24
2024-11-29,2112.03,21.89,24,198.25,24
2024-11-30,2112.41,17.55,24,199.12,24
2024-12-01,2112.83,20.05,24,146.38,24
2024-12-02,2112.93,13.29,24,112.46,24
2024-12-03,2111.62,5.56,24,103.17,24
2024-12-04,2111.93,13.85,24,179.33,24
2024-12-05,2112.36,26.49,24,139.83,24
2024-12-06,2112.51,30.63,24,112.54,24
2024-12-07,2113.02,40.62,24,121.08,24
2024-12-08,2113.67,36.34,24,541.46,24
2024-12-09,2114.26,38.21,24,207.04,24
2024-12-10,2114.54,30.78,24,164.62,24
2024-12-11,2115.35,44.88,24,231.25,24
2024-12-12,2115.68,28.55,24,181.0,24
2024-12-13,2115.79,25.14,24,141.12,24
2024-12-14,2115.89,49.53,24,194.67,24
2024-12-15,2116.3,32.89,24,173.88,24
2024-12-16,2116.93,52.66,24,220.04,24
2024-12-17,2117.29,28.95,24,240.83,24
2024-12-18,2118.02,46.4,24,301.5,24
2024-12-19,2118.75,40.11,24,252.54,24
2024-12-20,2118.68,26.34,24,200.29,24
2024-12-21,2118.15,22.41,24,191.04,24
2024-12-22,2117.72,20.56,24,163.04,24
2024-12-23,2118.02,32.2,24,244.21,24
2024-12-24,2118.55,36.0,24,240.25,24
2024-12-25,2119.13,38.23,24,180.83,24
2024-12-26,2119.62,52.08,24,146.21,24
2024-12-27,2121.63,108.94,24,143.21,24
2024-12-28,2122.61,84.62,24,140.62,24
2024-12-29,2123.72,71.39,24,155.83,24
2024-12-30,2125.1,85.4,24,186.92,24
2024-12-31,2126.22,69.3,24,215.92,24
2025-01-01,2128.03,112.02,24,206.54,24
2025-01-02,2130.17,138.3,24,179.5,24
2025-01-03,2131.59,150.09,24,176.04,24
2025-01-04,2133.66,146.28,24,205.12,24
2025-01-05,2135.85,160.88,24,252.0,24
2025-01-06,2137.28,109.96,24,247.12,24
2025-01-07,2138.4,83.52,24,168.5,24
2025-01-08,2140.12,149.43,24,144.62,24
2025-01-09,2141.58,139.46,24,203.04,24
2025-01-10,2142.81,115.86,24,182.92,24
2025-01-11,2143.8,86.2,24,162.0,24
2025-01-12,2144.6,70.03,24,136.92,24
2025-01-13,2145.05,55.64,24,122.17,24
2025-01-14,2144.81,46.17,24,115.62,24
2025-01-15,2144.48,50.97,24,103.29,24
2025-01-16,2144.29,47.88,24,96.71,24
2025-01-17,2144.51,46.93,24,134.54,24
2025-01-18,2145.12,53.56,24,207.58,24
2025-01-19,2145.7,51.26,24,139.38,24
2025-01-20,2145.76,57.45,24,109.92,24
2025-01-21,2145.64,51.83,24,110.92,24
2025-01-22,2145.73,62.89,24,304.83,24
2025-01-23,2146.24,63.54,24,133.58,24
2025-01-24,2146.07,42.0,24,108.79,24
2025-01-25,2145.89,37.47,24,349.71,24
2025-01-26,2146.41,46.66,24,383.5,24
2025-01-27,2146.93,47.38,24,312.12,24
2025-01-28,2147.43,45.18,24,267.96,24
2025-01-29,2148.3,75.9,24,552.33,24
2025-01-30,2149.19,85.01,24,424.58,24
2025-01-31,2149.94,71.85,24,473.67,24
2025-02-01,2150.44,47.14,24,425.0,24
2025-02-02,2150.87,41.43,24,249.62,24
2025-02-03,2150.86,31.32,24,188.67,24
2025-02-04,2151.27,37.92,24,165.38,24
2025-02-05,2151.25,40.51,24,150.46,24
2025-02-06,2151.43,35.29,24,150.17,24
2025-02-07,2151.57,39.54,24,136.83,24
2025-02-08,2152.04,44.3,24,149.58,24
2025-02-09,2152.74,64.37,24,146.12,24
2025-02-10,2152.97,57.01,24,154.62,24
2025-02-11,2153.0,80.66,24,142.33,24
2025-02-12,2152.99,125.71,24,147.58,24
2025-02-13,2153.07,127.3,24,202.33,24
2025-02-14,2153.46,205.9,24,188.5,24
2025-02-15,2153.97,174.6,24,231.75,24
2025-02-16,2154.02,185.41,24,393.04,24
2025-02-17,2154.05,174.65,24,433.83,24
2025-02-18,2154.44,295.32,24,487.42,24
2025-02-19,2154.19,239.79,24,342.46,24
2025-02-20,2153.99,189.92,24,331.71,24
2025-02-21,2153.71,153.91,24,669.96,24
2025-02-22,2153.75,120.73,24,676.83,24
2025-02-23,2153.74,110.35,24,410.67,24
2025-02-24,2153.32,93.29,24,310.62,24
2025-02-25,2153.29,87.79,24,252.21,24
2025-02-26,2153.42,103.09,24,288.96,24
2025-02-27,2153.32,98.78,24,266.58,24
2025-02-28,2153.56,105.33,24,272.46,24
2025-03-01,2153.92,164.77,24,241.46,24
2025-03-02,2154.25,223.51,24,290.08,24
2025-03-03,2154.6,355.27,24,366.04,24
2025-03-04,2154.17,236.26,24,294.38,24
2025-03-05,2154.09,189.18,24,353.38,24
2025-03-06,2154.0,177.19,24,439.67,24
2025-03-07,2153.71,149.65,24,351.75,24
2025-03-08,2153.4,122.04,24,290.21,24
2025-03-09,2153.5,114.32,24,378.08,24
2025-03-10,2153.16,85.4,24,275.5,24
2025-03-11,2153.24,99.99,24,260.08,24
2025-03-12,2153.08,83.14,24,240.21,24
2025-03-13,2153.04,77.39,24,340.67,24
2025-03-14,2153.18,105.98,24,276.88,24
2025-03-15,2153.39,118.65,24,511.96,24
2025-03-16,2153.63,96.37,24,299.46,24
2025-03-17,2153.61,95.9,24,307.21,24
2025-03-18,2153.31,89.41,24,290.54,24
2025-03-19,2153.12,69.91,24,261.54,24
2025-03-20,2153.05,61.3,24,318.08,24
2025-03-21,2153.09,63.88,24,396.25,24
2025-03-22,2153.28,91.94,24,534.33,24
2025-03-23,2153.58,122.17,24,509.29,24
2025-03-24,2153.12,73.31,24,380.38,24
2025-03-25,2152.99,56.73,24,309.25,24
2025-03-26,2152.82,51.42,24,281.33,24
2025-03-27,2153.11,76.85,24,269.71,24
2025-03-28,2153.14,86.46,24,251.33,24
2025-03-29,2153.5,131.08,24,276.79,24
2025-03-30,2153.88,172.86,24,280.96,24
2025-03-31,2153.61,167.84,24,275.33,24
2025-04-01,2153.66,190.06,24,379.75,24
2025-04-02,2153.91,255.11,24,318.04,24
2025-04-03,2153.78,176.7,24,315.67,24
2025-04-04,2153.76,189.36,24,238.46,24
2025-04-05,2154.04,191.11,24,313.58,24
2025-04-06,2154.44,364.95,24,869.71,24
2025-04-07,2153.97,294.77,24,574.62,24
2025-04-08,2153.6,171.59,24,444.83,24
2025-04-09,2153.61,145.87,24,400.71,24
2025-04-10,2153.94,191.61,24,353.71,24
2025-04-11,2154.55,318.56,24,486.58,24
2025-04-12,2154.34,300.72,24,337.58,24
2025-04-13,2154.34,274.69,24,398.75,24
2025-04-14,2153.95,188.84,24,329.92,24
2025-04-15,2153.72,135.07,24,289.67,24
2025-04-16,2153.54,105.51,24,227.25,24
2025-04-17,2153.72,127.31,24,253.92,24
2025-04-18,2153.94,185.79,24,495.33,24
2025-04-19,2153.72,129.64,24,260.29,24
2025-04-20,2153.57,103.16,24,246.33,24
2025-04-21,2153.17,84.14,24,228.67,24
2025-04-22,2152.94,66.26,24,195.58,24
2025-04-23,2152.76,63.2,24,178.33,24
2025-04-24,2152.5,71.6,24,341.88,24
2025-04-25,2152.78,87.77,24,188.88,24
2025-04-26,2153.23,107.02,24,209.58,24
2025-04-27,2153.69,152.66,24,211.42,24
2025-04-28,2153.8,234.74,24,625.92,24
2025-04-29,2153.63,156.99,24,362.12,24
2025-04-30,2153.69,117.23,24,449.04,24
2025-05-01,2153.9,139.35,24,313.42,24
2025-05-02,2153.82,167.68,24,257.75,24
2025-05-03,2153.56,121.02,24,363.33,24
2025-05-04,2153.68,98.44,24,297.0,24
2025-05-05,2153.58,129.78,24,802.42,24
2025-05-06,2153.77,142.5,24,487.83,24
2025-05-07,2153.52,102.3,24,280.75,24
2025-05-08,2153.63,87.33,24,305.08,24
2025-05-09,2153.46,83.27,24,269.12,24
2025-05-10,2154.21,198.62,24,369.58,24
2025-05-11,2154.54,397.22,24,944.38,24
2025-05-12,2155.56,728.78,24,1142.29,24
2025-05-13,2154.71,525.81,24,961.67,24
2025-05-14,2154.11,230.97,24,511.92,24
2025-05-15,2153.89,166.36,24,617.0,24
2025-05-16,2153.83,134.42,24,441.21,24
2025-05-17,2153.86,131.89,24,371.38,24
2025-05-18,2153.91,145.05,24,542.67,24
2025-05-19,2154.5,248.77,24,403.38,24
2025-05-20,2154.12,239.06,24,306.67,24
2025-05-21,2154.02,188.36,24,631.71,24
2025-05-22,2154.02,183.12,24,455.62,24
2025-05-23,2153.94,149.6,24,378.17,24
2025-05-24,2153.84,139.14,24,448.71,24
2025-05-25,2153.83,119.82,24,577.42,24
2025-05-26,2153.86,151.63,24,583.58,24
2025-05-27,2153.77,112.25,24,414.38,24
2025-05-28,2153.83,126.31,24,537.29,24
2025-05-29,2153.74,126.04,24,672.25,24
2025-05-30,2153.8,121.4,24,516.25,24
2025-05-31,2153.91,153.16,24,832.88,24
2025-06-01,2153.79,120.87,24,867.96,24
2025-06-02,2153.7,103.3,24,653.88,24
2025-06-03,2153.71,97.68,24,893.42,24
2025-06-04,2154.22,217.65,24,913.92,24
2025-06-05,2154.14,207.7,24,881.79,24
2025-06-06,2154.18,185.74,24,932.92,24
2025-06-07,2153.82,168.82,24,797.71,24
2025-06-08,2153.82,126.22,24,544.12,24
2025-06-09,2153.99,165.09,24,545.67,24
2025-06-10,2153.81,127.34,24,581.79,24
2025-06-11,2153.72,104.28,24,443.17,24
2025-06-12,2153.4,81.8,24,749.33,24
2025-06-13,2153.08,69.68,24,406.62,24
2025-06-14,2153.25,65.04,24,331.67,24
2025-06-15,2153.36,75.69,24,315.0,24
2025-06-16,2153.6,112.02,24,899.29,24
2025-06-17,2153.64,122.09,24,623.67,24
2025-06-18,2153.76,187.9,24,1364.21,24
2025-06-19,2153.53,139.5,24,697.62,24
2025-06-20,2154.38,380.32,24,873.88,24
2025-06-21,2153.84,233.14,24,679.25,24
2025-06-22,2153.82,135.44,24,439.12,24
2025-06-23,2153.32,98.68,24,357.62,24
2025-06-24,2153.18,82.65,24,395.75,24
2025-06-25,2153.52,133.99,24,688.21,24
2025-06-26,2153.33,130.83,24,458.25,24
2025-06-27,2153.76,206.28,24,648.33,24
2025-06-28,2153.28,119.65,24,760.54,24
2025-06-29,2153.41,109.5,24,535.79,24
2025-06-30,2154.03,253.5,24,1369.25,24
2025-07-01,2154.64,444.13,24,1477.42,24
2025-07-02,2155.33,628.56,24,1570.67,24
2025-07-03,2154.81,661.06,24,1317.58,24
2025-07-04,2154.0,305.09,24,811.54,24
2025-07-05,2154.03,210.36,24,561.04,24
2025-07-06,2153.9,167.78,24,433.38,24
2025-07-07,2153.55,134.63,24,365.71,24
2025-07-08,2153.53,144.07,24,479.71,24
2025-07-09,2154.26,317.62,24,788.17,24
2025-07-10,2154.61,467.12,24,772.83,24
2025-07-11,2154.66,448.27,24,772.58,24
2025-07-12,2155.32,677.78,24,1436.88,24
2025-07-13,2154.49,513.99,24,1210.33,24
2025-07-14,2153.92,260.6,24,924.62,24
2025-07-15,2153.82,187.36,24,478.0,24
2025-07-16,2153.69,155.32,24,388.08,24
2025-07-17,2153.75,144.46,24,423.42,24
2025-07-18,2154.7,385.13,24,891.0,24
2025-07-19,2154.87,492.72,24,1455.38,24
2025-07-20,2154.26,354.23,24,1018.58,24
2025-07-21,2153.84,189.27,24,548.67,24
2025-07-22,2153.65,142.88,24,431.25,24
2025-07-23,2153.73,148.62,24,416.33,24
2025-07-24,2154.18,257.0,24,873.17,24
2025-07-25,2153.84,185.58,24,546.17,24
2025-07-26,2153.83,135.11,24,430.12,24
2025-07-27,2153.79,117.69,24,401.0,24
2025-07-28,2153.59,115.96,24,382.58,24
2025-07-29,2153.5,111.39,24,391.79,24
2025-07-30,2153.51,106.55,24,320.12,24
2025-07-31,2153.35,90.4,24,273.54,24
2025-08-01,2153.34,84.99,24,259.75,24
2025-08-02,2153.18,75.4,24,297.92,24
2025-08-03,2153.58,113.0,24,650.88,24
2025-08-04,2153.65,176.74,24,978.12,24
2025-08-05,2153.76,186.3,24,469.75,24
2025-08-06,2153.6,206.02,24,325.71,24
2025-08-07,2153.23,115.21,24,273.83,24
2025-08-08,2152.83,74.71,24,251.88,24
2025-08-09,2153.01,64.03,24,270.0,24
2025-08-10,2153.11,60.13,24,227.83,24
2025-08-11,2153.14,85.18,24,251.71,24
2025-08-12,2153.32,111.57,24,391.33,24
2025-08-13,2153.1,84.34,24,340.71,24
2025-08-14,2152.93,74.54,24,389.08,24
2025-08-15,2153.36,107.4,24,493.29,24
2025-08-16,2153.58,129.41,24,381.46,24
2025-08-17,2153.41,110.77,24,278.75,24
2025-08-18,2153.14,77.88,24,364.08,24
2025-08-19,2152.94,58.96,24,297.08,24
2025-08-20,2152.95,56.47,24,232.33,24
2025-08-21,2152.95,58.49,24,228.75,24
2025-08-22,2152.78,50.83,24,224.79,24
2025-08-23,2152.84,48.44,24,221.04,24
2025-08-24,2153.0,64.61,24,259.58,24
2025-08-25,2153.3,138.99,24,725.38,24
2025-08-26,2153.54,154.93,24,456.17,24
2025-08-27,2153.43,203.37,24,1344.42,24
2025-08-28,2152.96,88.9,24,682.79,24
2025-08-29,2152.78,65.72,24,538.33,24
2025-08-30,2152.78,57.87,24,352.29,24
2025-08-31,2152.98,53.63,24,386.96,24
2025-09-01,2152.97,51.8,24,344.42,24
2025-09-02,2153.4,137.11,24,588.62,24
2025-09-03,2152.97,91.38,24,455.79,24
2025-09-04,2152.85,58.62,24,339.12,24
2025-09-05,2153.0,53.77,24,282.96,24
2025-09-06,2152.97,50.07,24,253.46,24
2025-09-07,2152.9,49.92,24,328.54,24
2025-09-08,2152.99,42.83,24,280.25,24
2025-09-09,2153.08,60.24,24,268.25,24
2025-09-10,2153.39,147.22,24,338.12,24
2025-09-11,2153.48,122.03,24,479.5,24
2025-09-12,2153.2,98.54,24,334.21,24
2025-09-13,2153.41,86.22,24,314.0,24
2025-09-14,2153.62,97.41,24,302.29,24
2025-09-15,2153.18,66.4,24,257.21,24
2025-09-16,2153.1,82.66,24,270.42,24
2025-09-17,2152.93,74.75,24,270.17,24
2025-09-18,2152.59,60.79,24,259.62,24
2025-09-19,2152.49,60.45,24,232.29,24
2025-09-20,2152.21,53.56,24,226.79,24
2025-09-21,2152.09,55.23,24,215.12,24
2025-09-22,2152.2,64.32,24,195.92,24
2025-09-23,2152.44,69.78,24,195.62,24
2025-09-24,2152.64,68.73,24,267.25,24
2025-09-25,2153.52,158.42,24,640.17,24
2025-09-26,2154.06,330.12,24,788.0,24
2025-09-27,2153.45,146.61,24,389.38,24
2025-09-28,2153.49,92.55,24,269.83,24
2025-09-29,2153.09,79.01,24,241.79,24
2025-09-30,2152.95,68.05,24,291.38,24
2025-10-01,2153.0,69.57,24,466.88,24
2025-10-02,2153.2,86.12,24,339.75,24
2025-10-03,2153.55,130.46,24,574.25,24
2025-10-04,2153.45,99.3,24,375.0,24
2025-10-05,2153.23,71.24,24,281.75,24
2025-10-06,2153.03,65.27,24,259.25,24
2025-10-07,2152.63,56.1,24,238.42,24
2025-10-08,2152.44,48.03,24,209.88,24
2025-10-09,2152.39,51.07,24,254.96,24
2025-10-10,2152.72,75.25,24,425.58,24
2025-10-11,2153.32,93.51,24,314.79,24
2025-10-12,2153.57,88.12,24,249.67,24
2025-10-13,2153.32,87.27,24,213.33,24
2025-10-14,2153.26,87.41,24,399.54,24
2025-10-15,2152.89,60.62,24,263.92,24
2025-10-16,2152.69,55.43,24,292.0,24
2025-10-17,2152.46,71.31,24,513.75,24
2025-10-18,2152.31,54.95,24,403.42,24
2025-10-19,2152.55,59.84,24,352.62,24
2025-10-20,2152.45,51.45,24,310.38,24
2025-10-21,2152.38,44.08,24,255.5,24
2025-10-22,2152.32,40.47,24,249.38,24
2025-10-23,2152.12,47.46,24,413.96,24
2025-10-24,2152.04,52.78,24,353.75,24
2025-10-25,2152.13,46.99,24,262.75,24
2025-10-26,2152.22,42.56,24,695.38,24
2025-10-27,2152.62,62.3,24,314.0,24
2025-10-28,2152.89,91.57,24,327.62,24
2025-10-29,2153.81,150.88,24,692.67,24
2025-10-30,2153.82,144.77,24,413.71,24
2025-10-31,2153.76,105.95,24,302.33,24
2025-11-01,2153.81,156.7,24,267.04,24
2025-11-02,2153.06,83.73,24,247.92,24
2025-11-03,2153.14,89.49,24,263.83,24
2025-11-04,2154.02,164.92,24,246.83,24
2025-11-05,2154.25,218.83,24,245.88,24
2025-11-06,2153.86,179.28,24,244.92,24
2025-11-07,2153.46,115.64,24,218.58,24
2025-11-08,2153.34,87.48,24,203.29,24
2025-11-09,2153.41,75.75,24,282.42,24
2025-11-10,2153.32,82.4,24,917.58,24
2025-11-11,2153.44,103.4,24,531.38,24
2025-11-12,2153.23,79.9,24,302.71,24
2025-11-13,2153.09,63.0,24,317.25,24
2025-11-14,2152.87,70.44,24,793.25,24
2025-11-15,2153.13,70.15,24,393.83,24
2025-11-16,2153.61,100.63,24,321.42,24
2025-11-17,2153.07,72.25,24,303.29,24
2025-11-18,2152.97,72.79,24,409.88,24
2025-11-19,2152.96,70.17,24,296.96,24
2025-11-20,2153.37,91.27,24,264.67,24
2025-11-21,2153.3,85.68,24,247.08,24
2025-11-22,2153.21,76.52,24,346.25,24
2025-11-23,2153.49,65.97,24,285.5,24
2025-11-24,2153.1,60.68,24,492.96,24
2025-11-25,2153.19,81.1,24,355.0,24
2025-11-26,2153.16,84.07,24,603.04,24
2025-11-27,2153.16,75.59,24,409.42,24
2025-11-28,2153.48,142.78,24,529.33,24
2025-11-29,2153.46,105.17,24,452.04,24
2025-11-30,2153.63,90.37,24,302.67,24
2025-12-01,2153.28,80.98,24,259.46,24
2025-12-02,2152.76,51.97,24,243.96,24
2025-12-03,2152.17,40.28,24,219.46,24
2025-12-04,2151.95,38.01,24,194.96,24
2025-12-05,2151.52,34.63,24,179.88,24
2025-12-06,2151.23,33.99,24,171.88,24
2025-12-07,2151.09,30.67,24,168.54,24
2025-12-08,2150.68,26.01,24,161.38,24
2025-12-09,2150.43,27.7,24,149.62,24
2025-12-10,2150.27,25.72,24,249.79,24
2025-12-11,2150.0,23.32,24,180.21,24
2025-12-12,2149.74,23.67,24,212.42,24
2025-12-13,2149.65,24.49,24,186.75,24
2025-12-14,2149.38,23.66,24,153.92,24
2025-12-15,2148.81,23.36,24,143.08,24
2025-12-16,2148.33,25.2,24,136.0,24
2025-12-17,2147.57,22.33,24,132.67,24
2025-12-18,2146.86,28.96,24,134.83,24
2025-12-19,2146.51,32.95,24,129.96,24
2025-12-20,2146.18,33.98,24,192.67,24
2025-12-21,2145.87,28.48,24,153.54,24
2025-12-22,2145.15,17.27,24,130.04,24
2025-12-23,2144.24,25.51,24,120.75,24
2025-12-24,2143.47,13.57,24,117.38,24
2025-12-25,2143.14,16.42,24,114.17,24
2025-12-26,2142.37,16.99,24,112.0,24
2025-12-27,2141.55,16.56,24,141.75,24
2025-12-28,2141.11,19.08,24,132.83,24
2025-12-29,2140.06,15.95,24,117.08,24
2025-12-30,2139.2,14.63,24,163.54,24
2025-12-31,2139.43,37.36,24,177.5,24
2026-01-01,2140.13,54.07,24,245.17,24
2026-01-02,2140.48,42.21,24,195.62,24
2026-01-03,2140.49,27.39,24,144.42,24
2026-01-04,2140.18,23.84,24,129.96,24
2026-01-05,2139.38,15.48,24,135.83,24
2026-01-06,2138.63,19.48,24,223.25,24
2026-01-07,2137.99,18.2,24,159.21,24
2026-01-08,2136.77,15.68,24,147.83,24
2026-01-09,2136.81,26.86,24,338.92,24
2026-01-10,2137.14,25.84,24,222.58,24
2026-01-11,2137.49,26.25,24,179.92,24
2026-01-12,2138.14,59.81,24,186.71,24
2026-01-13,2138.47,51.68,24,160.96,24
2026-01-14,2139.47,78.23,24,346.83,24
2026-01-15,2140.26,63.06,24,506.33,24
2026-01-16,2140.96,56.6,24,324.0,24
2026-01-17,2142.12,93.64,24,1051.12,24
2026-01-18,2143.0,76.35,24,409.79,24
2026-01-19,2143.53,44.02,24,259.75,24
2026-01-20,2143.66,40.05,24,252.62,24
2026-01-21,2143.73,37.54,24,200.96,24
2026-01-22,2143.96,61.26,24,194.96,24
2026-01-23,2144.78,74.54,24,254.38,24
2026-01-24,2145.2,67.33,24,199.0,24
2026-01-25,2145.8,90.19,24,217.96,24
2026-01-26,2146.58,70.8,24,240.58,24
2026-01-27,2147.15,65.07,24,198.0,24
2026-01-28,2149.33,197.92,24,182.12,24
2026-01-29,2150.19,106.23,24,182.04,24
2026-01-30,2150.85,69.11,24,217.0,24
2026-01-31,2151.52,63.97,24,214.79,24
2026-02-01,2152.29,86.51,24,211.46,24
2026-02-02,2154.19,274.03,24,450.88,24
2026-02-03,2154.0,223.39,24,270.92,24
2026-02-04,2153.7,130.42,24,217.96,24
2026-02-05,2153.34,99.12,24,183.96,24
2026-02-06,2153.01,71.89,24,166.04,24
2026-02-07,2153.32,70.75,24,221.79,24
2026-02-08,2153.28,84.71,24,189.5,24
2026-02-09,2152.96,56.38,24,157.67,24
2026-02-10,2152.68,48.44,24,145.25,24
2026-02-11,2152.8,50.79,24,140.71,24
2026-02-12,2152.51,38.85,24,160.46,24
2026-02-13,2153.0,78.4,24,181.79,24
2026-02-14,2152.97,78.89,24,156.54,24
2026-02-15,2153.1,92.26,24,165.54,24
2026-02-16,2152.9,77.2,24,187.79,24
2026-02-17,2153.38,134.46,24,180.17,24
2026-02-18,2153.2,95.89,24,206.08,24
2026-02-19,2153.05,82.86,24,217.46,24
2026-02-20,2153.14,90.92,24,219.96,24
2026-02-21,2152.97,61.79,24,201.29,24
2026-02-22,2152.92,54.87,24,206.67,24
2026-02-23,2152.69,54.9,24,194.38,24
2026-02-24,2153.09,76.83,24,253.21,24
2026-02-25,2153.26,101.31,24,440.12,24
2026-02-26,2153.2,112.29,24,292.54,24
2026-02-27,2152.76,61.61,24,208.08,24
2026-02-28,2152.64,48.98,24,178.71,24
2026-03-01,2152.76,48.39,24,159.54,24
2026-03-02,2152.49,40.11,24,147.33,24
2026-03-03,2152.16,37.83,24,136.12,24
2026-03-04,2151.56,36.25,24,129.5,24
2026-03-05,2151.28,40.69,24,184.46,24
2026-03-06,2151.41,46.76,24,175.83,24
2026-03-07,2151.63,46.58,24,163.0,24
2026-03-08,2151.67,45.93,24,147.83,24
2026-03-09,2151.79,70.76,24,168.29,24
2026-03-10,2151.91,77.72,24,162.21,24
2026-03-11,2152.88,148.3,24,262.25,24
2026-03-12,2154.03,231.12,24,245.38,24
2026-03-13,2153.75,226.61,24,219.42,24
2026-03-14,2153.44,127.19,24,171.83,24
2026-03-15,2153.13,90.74,24,147.83,24
2026-03-16,2152.88,67.46,24,136.71,24
2026-03-17,2152.59,54.88,24,129.67,24
2026-03-18,2151.92,43.76,24,123.5,24
2026-03-19,2151.48,40.45,24,119.58,24
2026-03-20,2150.96,35.28,24,115.54,24
2026-03-21,2150.45,31.67,24,113.42,24
2026-03-22,2149.87,28.62,24,111.42,24
2026-03-23,2148.89,25.85,24,133.17,24
2026-03-24,2148.02,24.76,24,112.83,24
2026-03-25,2146.96,26.29,24,129.83,24
2026-03-26,2145.85,22.86,24,122.0,24
2026-03-27,2144.86,23.04,24,108.75,24
2026-03-28,2144.02,26.94,24,105.38,24
2026-03-29,2143.34,26.36,24,101.83,24
2026-03-30,2142.17,22.34,24,140.83,24
2026-03-31,2140.98,27.35,24,145.54,24
2026-04-01,2139.71,20.44,24,146.96,24
2026-04-02,2138.26,13.81,24,131.62,24
2026-04-03,2137.37,19.21,24,141.75,24
2026-04-04,2136.82,21.04,24,123.54,24
2026-04-05,2136.75,58.65,24,138.0,24
2026-04-06,2136.52,58.55,24,182.46,24
2026-04-07,2136.16,43.8,24,233.92,24
2026-04-08,2137.04,87.57,24,382.21,24
2026-04-09,2137.73,73.34,24,430.33,24
2026-04-10,2137.89,44.71,24,294.29,24
2026-04-11,2138.59,72.79,24,284.0,24
2026-04-12,2139.07,54.6,24,236.0,24
2026-04-13,2138.57,37.75,24,189.62,24
2026-04-14,2137.73,29.85,24,177.0,24
2026-04-15,2136.89,40.76,24,194.62,24
2026-04-16,2137.09,75.13,24,245.42,24
2026-04-17,2137.76,81.4,24,324.46,24
2026-04-18,2137.96,59.5,24,232.04,24
2026-04-19,2138.29,50.58,24,197.96,24
2026-04-20,2137.91,41.17,24,174.5,24
2026-04-21,2136.94,29.59,24,148.5,24
2026-04-22,2135.96,35.3,24,146.12,24
2026-04-23,2135.1,33.78,24,158.92,24
2026-04-24,2133.86,29.77,24,142.67,24
2026-04-25,2133.05,27.3,24,152.12,24
2026-04-26,2132.71,29.71,24,191.96,24
2026-04-27,2132.08,46.76,24,243.67,24
2026-04-28,2131.77,64.23,24,174.83,24
2026-04-29,2131.47,42.98,24,158.5,24
2026-04-30,2131.12,37.1,24,165.54,24
2026-05-01,2132.0,87.48,24,482.67,24
2026-05-02,2133.76,144.04,24,347.0,24
2026-05-03,2137.62,281.23,24,391.08,24
2026-05-04,2141.26,288.49,24,464.33,24
2026-05-05,2142.85,194.31,24,329.04,24
2026-05-06,2144.23,153.72,24,290.12,24
2026-05-07,2145.41,148.05,24,319.75,24
2026-05-08,2145.84,85.92,24,222.17,24
2026-05-09,2146.47,68.33,24,202.75,24
2026-05-10,2147.12,67.2,24,342.38,24
2026-05-11,2148.21,126.06,24,888.62,24
2026-05-12,2150.68,294.94,24,900.62,24
2026-05-13,2151.32,114.37,24,493.21,24
2026-05-14,2151.41,75.46,24,357.54,24
2026-05-15,2151.26,69.79,24,296.21,24
2026-05-16,2151.31,59.95,24,668.04,24
2026-05-17,2151.03,59.89,24,560.04,24
2026-05-18,2150.64,52.6,24,395.0,24
2026-05-19,2150.69,90.98,24,510.29,24
2026-05-20,2150.59,84.02,24,371.58,24
2026-05-21,2151.0,134.06,24,1742.79,24
2026-05-22,2151.53,145.19,24,910.04,24
2026-05-23,2152.04,89.42,24,719.04,24
2026-05-24,2152.8,78.71,24,568.04,24
2026-05-25,2152.72,53.5,24,424.04,24
2026-05-26,2152.68,53.29,24,404.25,24
2026-05-27,2152.24,54.29,24,343.96,24
2026-05-28,2151.54,52.71,24,400.71,24
2026-05-29,2150.86,47.49,24,324.96,24
2026-05-30,2150.55,55.46,24,452.54,24
2026-05-31,2151.71,183.14,24,668.33,24
2026-06-01,2152.58,147.87,24,481.33,24
2026-06-02,2153.42,167.26,24,720.33,24
2026-06-03,2153.83,197.37,24,735.96,24
2026-06-04,2153.64,160.92,24,563.79,24
2026-06-05,2153.61,160.87,24,563.42,24
2026-06-06,2153.47,134.66,24,447.21,24
2026-06-07,2153.45,93.4,24,318.46,24
2026-06-08,2153.1,70.73,24,268.88,24
2026-06-09,2153.43,115.41,24,253.92,24
2026-06-10,2153.41,133.76,24,267.58,24
2026-06-11,2152.97,74.22,24,229.29,24
2026-06-12,2152.4,54.47,24,222.25,24
2026-06-13,2152.3,73.12,24,449.21,24
2026-06-14,2152.16,82.39,24,737.46,24
2026-06-15,2152.29,74.12,24,472.21,24
2026-06-16,2151.84,50.76,24,336.25,24
2026-06-17,2151.43,49.66,24,325.17,24
2026-06-18,2151.1,56.02,24,340.38,24
2026-06-19,2150.51,52.97,24,266.75,24
2026-06-20,2150.42,74.79,24,342.92,24
2026-06-21,2150.91,97.69,24,375.5,24
2026-06-22,2150.71,62.96,24,310.21,24
2026-06-23,2150.07,42.88,24,321.42,24
2026-06-24,2149.54,36.63,24,288.88,24
2026-06-25,2148.65,33.35,24,475.67,24
2026-06-26,2148.34,75.02,24,418.46,24
2026-06-27,2149.37,163.96,24,952.12,24
2026-06-28,2151.04,171.07,24,795.62,24
2026-06-29,2150.67,56.94,24,383.54,24
2026-06-30,2150.13,49.69,24,299.04,24
2026-07-01,2150.91,139.51,24,609.75,24
2026-07-02,2152.29,186.24,24,677.0,24
2026-07-03,2153.56,215.69,24,472.38,24
2026-07-04,2153.96,256.41,24,664.0,24
2026-07-05,2153.72,178.24,24,492.75,24
2026-07-06,2153.09,93.38,24,434.5,24
2026-07-07,2153.26,102.55,24,443.12,24
2026-07-08,2153.18,114.74,24,497.96,24
2026-07-09,2152.79,73.24,24,333.46,24
2026-07-10,2152.59,82.8,24,507.75,24
2026-07-11,2152.79,72.98,24,474.04,24
2026-07-12,2152.77,63.6,24,637.96,24
2026-07-13,2152.36,61.39,24,469.29,24
2026-07-14,2152.42,82.06,24,473.04,24
2026-07-15,2152.61,76.98,24,335.12,24
2026-07-16,2152.83,81.88,24,319.58,24
2026-07-17,2154.05,244.57,24,809.33,24
2026-07-18,2153.91,161.25,24,691.0,24
2026-07-19,2153.68,98.48,24,448.58,24
2026-07-20,2153.44,80.52,24,354.46,24
2026-07-21,2153.18,59.15,24,304.12,24
2026-07-22,2153.03,49.73,24,267.58,24
2026-07-23,2153.56,151.01,24,672.29,24
2026-07-24,2153.83,180.64,24,532.5,24
2026-07-25,2153.53,116.65,24,429.08,24
2026-07-26,2153.32,85.34,24,375.21,24
2026-07-27,2152.75,62.09,24,298.25,24
2026-07-28,2152.8,53.82,24,291.04,24
2026-07-29,2152.62,44.76,24,265.79,24
2026-07-30,2152.59,72.45,24,292.5,24
2026-07-31,2152.67,88.59,24,615.17,24
2026-08-01,2152.68,58.9,24,330.71,24
2026-08-02,2152.72,52.99,24,319.79,24
2026-08-03,2152.59,58.9,24,311.38,24
2026-08-04,2152.39,57.89,24,558.17,24
2026-08-05,2152.28,51.92,24,391.17,24
2026-08-06,2152.16,44.29,24,280.17,24
2026-08-07,2151.62,35.75,24,245.42,24
2026-08-08,2150.89,39.6,24,237.42,24
2026-08-09,2150.56,41.91,24,235.25,24
2026-08-10,2150.17,51.13,24,272.62,24
2026-08-11,2150.82,154.71,24,307.79,24
2026-08-12,2151.3,117.62,24,406.42,24
2026-08-13,2151.26,57.38,24,247.33,24
2026-08-14,2150.78,41.74,24,216.38,24
2026-08-15,2150.65,73.62,24,232.62,24
2026-08-16,2150.83,74.92,24,283.62,24
2026-08-17,2150.75,53.48,24,293.58,24
2026-08-18,2150.34,41.74,24,276.83,24
2026-08-19,2149.52,36.24,24,226.62,24
2026-08-20,2149.01,45.07,24,600.33,24
2026-08-21,2148.5,54.36,24,405.71,24
2026-08-22,2148.31,38.69,24,251.21,24
2026-08-23,2148.29,45.03,24,315.08,24
2026-08-24,2147.84,41.27,24,438.12,24
2026-08-25,2147.96,85.33,24,958.08,24
2026-08-26,2147.78,58.07,24,442.71,24
2026-08-27,2147.51,37.36,24,292.17,24
2026-08-28,2147.06,29.97,24,505.04,24
2026-08-29,2146.82,38.0,24,362.79,24
2026-08-30,2147.06,57.77,24,673.04,24
2026-08-31,2147.24,60.88,24,455.79,24
2026-09-01,2147.03,40.1,24,324.62,24
2026-09-02,2146.66,38.95,24,568.04,24
2026-09-03,2146.19,56.62,24,438.62,24
2026-09-04,2146.3,87.01,24,382.17,24
2026-09-05,2146.32,74.02,24,316.21,24
2026-09-06,2145.74,49.98,24,254.0,24
2026-09-07,2144.95,40.09,24,236.96,24
2026-09-08,2144.09,36.03,24,225.92,24
2026-09-09,2143.42,60.09,24,254.21,24
2026-09-10,2143.12,77.79,24,226.0,24
2026-09-11,2142.38,41.7,24,312.04,24
2026-09-12,2141.6,34.86,24,250.79,24
2026-09-13,2140.8,32.32,24,208.46,24
2026-09-14,2139.86,39.62,24,498.17,24
2026-09-15,2139.41,60.45,24,408.88,24
2026-09-16,2138.78,57.68,24,302.08,24
2026-09-17,2137.83,43.02,24,282.12,24
2026-09-18,2138.05,113.59,24,334.79,24
2026-09-19,2139.1,117.05,24,269.17,24
2026-09-20,2139.14,51.1,24,231.0,24
2026-09-21,2138.37,37.19,24,211.54,24
2026-09-22,2137.7,32.76,24,194.67,24
2026-09-23,2136.54,35.44,24,184.0,24
2026-09-24,2135.8,41.73,24,187.42,24
2026-09-25,2134.73,31.45,24,194.67,24
2026-09-26,2134.06,32.54,24,236.71,24
2026-09-27,2134.17,63.45,24,234.62,24
2026-09-28,2133.6,49.82,24,217.79,24
2026-09-29,2132.83,34.45,24,184.29,24
2026-09-30,2132.02,28.64,24,167.79,24
2026-10-01,2130.89,32.25,24,170.25,24
2026-10-02,2130.46,47.94,24,248.12,24
2026-10-03,2131.12,43.11,24,304.33,24
2026-10-04,2132.05,63.56,24,290.83,24
2026-10-05,2131.97,35.55,24,209.38,24
2026-10-06,2131.27,31.66,24,176.92,24
